A,d,Period,Phase,R2
2.342402123125724,0.011885274436055599,25.19940745762563,0.02596564425098621,0.9241223840716096
